Day,pnl_absolute,cum_pnl,roi,returns,pnl_absolute fro excel sheet ,difference
2022-01-03,-1267.5,-1267.5,-0.84,-0.845,-1267.5,0
2022-01-04,13.75,-1253.75,-0.84,-0.835833333333333,13.75,0
2022-01-05,-2023.75,-3277.5,-2.18,-2.185,-2023.75,0
2022-01-06,-2058.75,-5336.25,-3.56,-3.5575,-2058.75,0
2022-01-07,137.5,-5198.75,-3.47,-3.46583333333333,137.5,0
2022-01-10,347.5,-4851.25,-3.23,-3.23416666666667,347.5,0
2022-01-11,441.25,-4410,-2.94,-2.94,441.25,0
2022-01-12,912.5,-3497.5,-2.33,-2.33166666666667,912.5,0
2022-01-13,2707.5,-790,-0.53,-0.526666666666667,2707.5,0
2022-01-14,-28.75,-818.75,-0.55,-0.545833333333333,-28.75,0
2022-01-17,57.5,-761.25,-0.51,-0.5075,57.5,0
2022-01-18,363.75,-397.5,-0.26,-0.265,363.75,0
2022-01-19,1035,637.5,0.43,0.425,1035,0
2022-01-20,-2201.25,-1563.75,-1.04,-1.0425,-2201.25,0
2022-01-21,291.25,-1272.5,-0.85,-0.848333333333333,291.25,0
2022-01-24,-978.75,-2251.25,-1.5,-1.50083333333333,-978.75,0
2022-01-25,-1607.5,-3858.75,-2.57,-2.5725,-1607.5,0
2022-01-27,-2065,-5923.75,-3.95,-3.94916666666667,-2065,0
2022-01-28,-112.5,-6036.25,-4.02,-4.02416666666667,-112.5,0
2022-01-31,-465,-6501.25,-4.33,-4.33416666666667,-465,0
2022-02-01,860,-5641.25,-3.76,-3.76083333333333,860,0
2022-02-02,642.5,-4998.75,-3.33,-3.3325,642.5,0
2022-02-03,2113.75,-2885,-1.92,-1.92333333333333,2113.75,0
2022-02-04,-86.25,-2971.25,-1.98,-1.98083333333333,-86.25,0
2022-02-07,-952.5,-3923.75,-2.62,-2.61583333333333,-952.5,0
2022-02-08,538.75,-3385,-2.26,-2.25666666666667,538.75,0
2022-02-09,33.75,-3351.25,-2.23,-2.23416666666667,33.75,0
2022-02-10,-2227.5,-5578.75,-3.72,-3.71916666666667,-2227.5,0
2022-02-11,190,-5388.75,-3.59,-3.5925,190,0
2022-02-14,645,-4743.75,-3.16,-3.1625,645,0
2022-02-15,-1523.75,-6267.5,-4.18,-4.17833333333333,-1523.75,0
2022-02-16,523.75,-5743.75,-3.83,-3.82916666666667,523.75,0
2022-02-17,-1683.75,-7427.5,-4.95,-4.95166666666667,-1683.75,0
2022-02-18,-52.5,-7480,-4.99,-4.98666666666667,-52.5,0
2022-02-21,-55,-7535,-5.02,-5.02333333333333,-55,0
2022-02-22,-46.25,-7581.25,-5.05,-5.05416666666667,-46.25,0
2022-02-23,788.75,-6792.5,-4.53,-4.52833333333333,788.75,0
2022-02-24,-2240,-9032.5,-6.02,-6.02166666666667,-2240,0
2022-02-25,-456.25,-9488.75,-6.33,-6.32583333333333,-456.25,0
2022-02-28,-258.75,-9747.5,-6.5,-6.49833333333333,-258.75,0
2022-03-02,428.75,-9318.75,-6.21,-6.2125,428.75,0
2022-03-03,-1986.25,-11305,-7.54,-7.53666666666667,-1986.25,0
2022-03-04,185,-11120,-7.41,-7.41333333333333,185,0
2022-03-07,-460,-11580,-7.72,-7.72,-460,0
2022-03-08,-647.5,-12227.5,-8.15,-8.15166666666667,-647.5,0
2022-03-09,-781.25,-13008.75,-8.67,-8.6725,-781.25,0
2022-03-10,-2375,-15383.75,-10.26,-10.2558333333333,-2375,0
2022-03-11,-132.5,-15516.25,-10.34,-10.3441666666667,-132.5,0
2022-03-14,-458.75,-15975,-10.65,-10.65,-458.75,0
2022-03-15,183.75,-15791.25,-10.53,-10.5275,183.75,0
2022-03-16,453.75,-15337.5,-10.22,-10.225,453.75,0
2022-03-17,4610,-10727.5,-7.15,-7.15166666666667,4610,0
2022-03-21,-45,-10772.5,-7.18,-7.18166666666667,-45,0
2022-03-22,-57.5,-10830,-7.22,-7.22,-57.5,0
2022-03-23,-625,-11455,-7.64,-7.63666666666667,-625,0
2022-03-24,5063.75,-6391.25,-4.26,-4.26083333333333,5063.75,0
2022-03-25,-58.75,-6450,-4.3,-4.3,-58.75,0
2022-03-28,-247.5,-6697.5,-4.46,-4.465,-247.5,0
2022-03-29,170,-6527.5,-4.35,-4.35166666666667,170,0
2022-03-30,65,-6462.5,-4.31,-4.30833333333333,65,0
2022-03-31,4758.75,-1703.75,-1.14,-1.13583333333333,4758.75,0
2022-04-01,-283.75,-1987.5,-1.32,-1.325,-283.75,0
2022-04-04,-1006.25,-2993.75,-2,-1.99583333333333,-1006.25,0
2022-04-05,580,-2413.75,-1.61,-1.60916666666667,580,0
2022-04-06,1182.5,-1231.25,-0.82,-0.820833333333333,1182.5,0
2022-04-07,-1616.25,-2847.5,-1.9,-1.89833333333333,-1616.25,0
2022-04-08,270,-2577.5,-1.72,-1.71833333333333,270,0
2022-04-11,282.5,-2295,-1.53,-1.53,282.5,0
2022-04-12,-488.75,-2783.75,-1.86,-1.85583333333333,-488.75,0
2022-04-13,-1701.25,-4485,-2.99,-2.99,-1701.25,0
2022-04-18,250,-4235,-2.82,-2.82333333333333,250,0
2022-04-19,352.5,-3882.5,-2.59,-2.58833333333333,352.5,0
2022-04-20,992.5,-2890,-1.93,-1.92666666666667,992.5,0
2022-04-21,507.5,-2382.5,-1.59,-1.58833333333333,507.5,0
2022-04-22,-175,-2557.5,-1.7,-1.705,-175,0
2022-04-25,-468.75,-3026.25,-2.02,-2.0175,-468.75,0
2022-04-26,85,-2941.25,-1.96,-1.96083333333333,85,0
2022-04-27,703.75,-2237.5,-1.49,-1.49166666666667,703.75,0
2022-04-28,-1518.75,-3756.25,-2.5,-2.50416666666667,-1518.75,0
2022-04-29,75,-3681.25,-2.45,-2.45416666666667,75,0
2022-05-02,270,-3411.25,-2.27,-2.27416666666667,270,0
2022-05-04,-2353.75,-5765,-3.84,-3.84333333333333,14482.5,16836.25
2022-05-05,-1997.5,-7762.5,-5.18,-5.175,-13800,-11802.5
2022-05-06,298.75,-7463.75,-4.98,-4.97583333333333,-4825,-5123.75
2022-05-09,140,-7323.75,-4.88,-4.8825,-2468.75,-2608.75
2022-05-10,230,-7093.75,-4.73,-4.72916666666667,336.25,106.25
2022-05-11,903.75,-6190,-4.13,-4.12666666666667,2596.25,1692.5
2022-05-12,-1985,-8175,-5.45,-5.45,4871.25,6856.25
2022-05-13,-65,-8240,-5.49,-5.49333333333333,917.5,982.5
2022-05-16,-477.5,-8717.5,-5.81,-5.81166666666667,-13031.25,-12553.75
2022-05-17,-345,-9062.5,-6.04,-6.04166666666667,-191.25,153.75
2022-05-18,236.25,-8826.25,-5.88,-5.88416666666667,9281.25,9045
2022-05-19,3687.5,-5138.75,-3.43,-3.42583333333333,-765,-4452.5
2022-05-20,-387.5,-5526.25,-3.68,-3.68416666666667,-4367.5,-3980
2022-05-23,297.5,-5228.75,-3.49,-3.48583333333333,3187.5,2890
2022-05-24,412.5,-4816.25,-3.21,-3.21083333333333,691.25,278.75
2022-05-25,682.5,-4133.75,-2.76,-2.75583333333333,5445,4762.5
2022-05-26,-1765,-5898.75,-3.93,-3.9325,-9163.75,-7398.75
2022-05-27,86.25,-5812.5,-3.88,-3.875,1560,1473.75
2022-05-30,197.5,-5615,-3.74,-3.74333333333333,3471.25,3273.75
2022-05-31,161.25,-5453.75,-3.64,-3.63583333333333,-1395,-1556.25
2022-06-01,240,-5213.75,-3.48,-3.47583333333333,1413.75,1173.75
2022-06-02,830,-4383.75,-2.92,-2.9225,-2290,-3120
2022-06-03,-401.25,-4785,-3.19,-3.19,12555,12956.25
2022-06-06,62.5,-4722.5,-3.15,-3.14833333333333,-10448.75,-10511.25
2022-06-07,93.75,-4628.75,-3.09,-3.08583333333333,1336.25,1242.5
2022-06-08,1140,-3488.75,-2.33,-2.32583333333333,427.5,-712.5
2022-06-09,825,-2663.75,-1.78,-1.77583333333333,-2446.25,-3271.25
2022-06-10,26.25,-2637.5,-1.76,-1.75833333333333,5998.75,5972.5
2022-06-13,106.25,-2531.25,-1.69,-1.6875,-847.5,-953.75
2022-06-14,232.5,-2298.75,-1.53,-1.5325,-1061.25,-1293.75
2022-06-15,248.75,-2050,-1.37,-1.36666666666667,352.5,103.75
2022-06-16,-1621.25,-3671.25,-2.45,-2.4475,2478.75,4100
2022-06-17,-266.25,-3937.5,-2.62,-2.625,-9472.5,-9206.25
2022-06-20,158.75,-3778.75,-2.52,-2.51916666666667,7017.5,6858.75
2022-06-21,-543.75,-4322.5,-2.88,-2.88166666666667,-6546.25,-6002.5
2022-06-22,945,-3377.5,-2.25,-2.25166666666667,5250,4305
2022-06-23,-1436.25,-4813.75,-3.21,-3.20916666666667,-3155,-1718.75
2022-06-24,88.75,-4725,-3.15,-3.15,477.5,388.75
2022-06-27,127.5,-4597.5,-3.06,-3.065,3166.25,3038.75
2022-06-28,377.5,-4220,-2.81,-2.81333333333333,-3176.25,-3553.75
2022-06-29,311.25,-3908.75,-2.61,-2.60583333333333,278.75,-32.5
2022-06-30,-1655,-5563.75,-3.71,-3.70916666666667,-1987.5,-332.5
2022-07-01,-107.5,-5671.25,-3.78,-3.78083333333333,-3208.75,-3101.25
2022-07-04,-67.5,-5738.75,-3.83,-3.82583333333333,1402.5,1470
2022-07-05,93.75,-5645,-3.76,-3.76333333333333,7672.5,7578.75
2022-07-06,-917.5,-6562.5,-4.38,-4.375,-7700,-6782.5
2022-07-07,2295,-4267.5,-2.84,-2.845,937.5,-1357.5
2022-07-08,172.5,-4095,-2.73,-2.73,3887.5,3715
2022-07-11,-162.5,-4257.5,-2.84,-2.83833333333333,-3573.75,-3411.25
2022-07-12,226.25,-4031.25,-2.69,-2.6875,5431.25,5205
2022-07-13,-1643.75,-5675,-3.78,-3.78333333333333,4407.5,6051.25
2022-07-14,-1790,-7465,-4.98,-4.97666666666667,-5445,-3655
2022-07-15,160,-7305,-4.87,-4.87,-2586.25,-2746.25
2022-07-18,-902.5,-8207.5,-5.47,-5.47166666666667,-6328.75,-5426.25
2022-07-19,-1532.5,-9740,-6.49,-6.49333333333333,-1373.75,158.75
2022-07-20,755,-8985,-5.99,-5.99,3893.75,3138.75
2022-07-21,-1543.75,-10528.75,-7.02,-7.01916666666667,-2843.75,-1300
2022-07-22,-310,-10838.75,-7.23,-7.22583333333333,-1698.75,-1388.75
2022-07-25,317.5,-10521.25,-7.01,-7.01416666666667,4655,4337.5
2022-07-26,403.75,-10117.5,-6.74,-6.745,396.25,-7.5
2022-07-27,-1400,-11517.5,-7.68,-7.67833333333333,-5671.25,-4271.25
2022-07-28,2060,-9457.5,-6.3,-6.305,2050,-10
2022-07-29,112.5,-9345,-6.23,-6.23,6051.25,5938.75
2022-08-01,-445,-9790,-6.53,-6.52666666666667,-7548.75,-7103.75
2022-08-02,-505,-10295,-6.86,-6.86333333333333,377.5,882.5
2022-08-03,628.75,-9666.25,-6.44,-6.44416666666667,3796.25,3167.5
2022-08-04,-1811.25,-11477.5,-7.65,-7.65166666666667,3608.75,5420
2022-08-05,145,-11332.5,-7.56,-7.555,-7521.25,-7666.25
2022-08-08,-1072.5,-12405,-8.27,-8.27,-3607.5,-2535
2022-08-10,555,-11850,-7.9,-7.9,4103.75,3548.75
2022-08-11,392.5,-11457.5,-7.64,-7.63833333333333,-997.5,-1390
2022-08-12,185,-11272.5,-7.52,-7.515,1597.5,1412.5
2022-08-16,402.5,-10870,-7.25,-7.24666666666667,2408.75,2006.25
2022-08-17,3.75,-10866.25,-7.24,-7.24416666666667,-2576.25,-2580
2022-08-18,108.75,-10757.5,-7.17,-7.17166666666667,-377.5,-486.25
2022-08-19,-907.5,-11665,-7.78,-7.77666666666667,13081.25,13988.75
2022-08-22,531.25,-11133.75,-7.42,-7.4225,-6820,-7351.25
2022-08-23,-1477.5,-12611.25,-8.41,-8.4075,-9897.5,-8420
2022-08-24,602.5,-12008.75,-8.01,-8.00583333333333,2722.5,2120
2022-08-25,-1483.75,-13492.5,-9,-8.995,-977.5,506.25
2022-08-26,7.5,-13485,-8.99,-8.99,6101.25,6093.75
2022-08-29,192.5,-13292.5,-8.86,-8.86166666666667,-7951.25,-8143.75
2022-08-30,-2091.25,-15383.75,-10.26,-10.2558333333333,-1892.5,198.75
2022-09-01,-1962.5,-17346.25,-11.56,-11.5641666666667,-855,1107.5
2022-09-02,270,-17076.25,-11.38,-11.3841666666667,3473.75,3203.75
2022-09-05,157.5,-16918.75,-11.28,-11.2791666666667,-2622.5,-2780
2022-09-06,132.5,-16786.25,-11.19,-11.1908333333333,6018.75,5886.25
2022-09-07,875,-15911.25,-10.61,-10.6075,-4488.75,-5363.75
2022-09-08,-1782.5,-17693.75,-11.8,-11.7958333333333,-2185,-402.5
2022-09-09,228.75,-17465,-11.64,-11.6433333333333,3027.5,2798.75
2022-09-12,1.25,-17463.75,-11.64,-11.6425,-1197.5,-1198.75
2022-09-13,-58.75,-17522.5,-11.68,-11.6816666666667,-1596.25,-1537.5
2022-09-14,-2346.25,-19868.75,-13.25,-13.2458333333333,-5418.75,-3072.5
2022-09-15,-1867.5,-21736.25,-14.49,-14.4908333333333,10812.5,12680
2022-09-16,8.75,-21727.5,-14.49,-14.485,-4780,-4788.75
2022-09-19,163.75,-21563.75,-14.38,-14.3758333333333,-3702.5,-3866.25
2022-09-20,55,-21508.75,-14.34,-14.3391666666667,-60,-115
2022-09-21,195,-21313.75,-14.21,-14.2091666666667,1997.5,1802.5
2022-09-22,-2327.5,-23641.25,-15.76,-15.7608333333333,5710,8037.5
2022-09-23,-486.25,-24127.5,-16.08,-16.085,3031.25,3517.5
2022-09-26,791.25,-23336.25,-15.56,-15.5575,-10753.75,-11545
2022-09-27,-665,-24001.25,-16,-16.0008333333333,7503.75,8168.75
2022-09-28,767.5,-23233.75,-15.49,-15.4891666666667,-9798.75,-10566.25
2022-09-29,-1967.5,-25201.25,-16.8,-16.8008333333333,7410,9377.5
2022-09-30,-361.25,-25562.5,-17.04,-17.0416666666667,-18133.75,-17772.5
2022-10-03,-18.75,-25581.25,-17.05,-17.0541666666667,14672.5,14691.25
2022-10-04,-50,-25631.25,-17.09,-17.0875,-7467.5,-7417.5
2022-10-06,5938.75,-19692.5,-13.13,-13.1283333333333,5213.75,-725
2022-10-07,81.25,-19611.25,-13.07,-13.0741666666667,1032.5,951.25
2022-10-10,-311.25,-19922.5,-13.28,-13.2816666666667,-3006.25,-2695
2022-10-11,350,-19572.5,-13.05,-13.0483333333333,7766.25,7416.25
2022-10-12,-277.5,-19850,-13.23,-13.2333333333333,-5797.5,-5520
2022-10-13,-1836.25,-21686.25,-14.46,-14.4575,8132.5,9968.75
2022-10-14,118.75,-21567.5,-14.38,-14.3783333333333,-3655,-3773.75
2022-10-17,-527.5,-22095,-14.73,-14.73,-8118.75,-7591.25
2022-10-18,141.25,-21953.75,-14.64,-14.6358333333333,3235,3093.75
2022-10-19,1028.75,-20925,-13.95,-13.95,3941.25,2912.5
2022-10-20,4206.25,-16718.75,-11.15,-11.1458333333333,931.25,-3275
2022-10-21,-200,-16918.75,-11.28,-11.2791666666667,-765,-565
2022-10-25,613.75,-16305,-10.87,-10.87,2363.75,1750
2022-10-27,2851.25,-13453.75,-8.97,-8.96916666666667,3567.5,716.25
2022-10-28,-142.5,-13596.25,-9.06,-9.06416666666667,6473.75,6616.25
2022-10-31,110,-13486.25,-8.99,-8.99083333333333,-7197.5,-7307.5
2022-11-01,36.25,-13450,-8.97,-8.96666666666667,3798.75,3762.5
2022-11-02,-60,-13510,-9.01,-9.00666666666667,-1727.5,-1667.5
2022-11-03,-1897.5,-15407.5,-10.27,-10.2716666666667,-7187.5,-5290
2022-11-04,130,-15277.5,-10.18,-10.185,5883.75,5753.75
2022-11-07,430,-14847.5,-9.9,-9.89833333333333,-943.75,-1373.75
2022-11-09,666.25,-14181.25,-9.45,-9.45416666666667,-83.75,-750
2022-11-10,3206.25,-10975,-7.32,-7.31666666666667,1886.25,-1320
2022-11-11,55,-10920,-7.28,-7.28,852.5,797.5
2022-11-14,240,-10680,-7.12,-7.12,975,735
2022-11-15,41.25,-10638.75,-7.09,-7.0925,-800,-841.25
2022-11-16,-218.75,-10857.5,-7.24,-7.23833333333333,-1323.75,-1105
2022-11-17,3531.25,-7326.25,-4.88,-4.88416666666667,2902.5,-628.75
2022-11-18,238.75,-7087.5,-4.72,-4.725,3440,3201.25
2022-11-21,357.5,-6730,-4.49,-4.48666666666667,91.25,-266.25
2022-11-22,483.75,-6246.25,-4.16,-4.16416666666667,-196.25,-680
2022-11-23,-1498.75,-7745,-5.16,-5.16333333333333,-2503.75,-1005
2022-11-24,-922.5,-8667.5,-5.78,-5.77833333333333,-52.5,870
2022-11-25,211.25,-8456.25,-5.64,-5.6375,1665,1453.75
2022-11-28,-395,-8851.25,-5.9,-5.90083333333333,-2780,-2385
2022-11-29,461.25,-8390,-5.59,-5.59333333333333,2257.5,1796.25
2022-11-30,-75,-8465,-5.64,-5.64333333333333,1643.75,1718.75
2022-12-01,-1211.25,-9676.25,-6.45,-6.45083333333333,-18.75,1192.5
2022-12-02,331.25,-9345,-6.23,-6.23,-3106.25,-3437.5
2022-12-05,-332.5,-9677.5,-6.45,-6.45166666666667,-1305,-972.5
2022-12-06,2.5,-9675,-6.45,-6.45,1700,1697.5
2022-12-07,848.75,-8826.25,-5.88,-5.88416666666667,565,-283.75
2022-12-08,-1205,-10031.25,-6.69,-6.6875,-2205,-1000
2022-12-09,20,-10011.25,-6.67,-6.67416666666667,2963.75,2943.75
2022-12-12,-466.25,-10477.5,-6.98,-6.985,-4513.75,-4047.5
2022-12-13,106.25,-10371.25,-6.91,-6.91416666666667,1278.75,1172.5
2022-12-14,323.75,-10047.5,-6.7,-6.69833333333333,493.75,170
2022-12-15,-5362.5,-15410,-10.27,-10.2733333333333,-551.25,4811.25
2022-12-16,176.25,-15233.75,-10.16,-10.1558333333333,-2175,-2351.25
2022-12-19,66.25,-15167.5,-10.11,-10.1116666666667,-4062.5,-4128.75
2022-12-20,673.75,-14493.75,-9.66,-9.6625,2537.5,1863.75
2022-12-21,-1550,-16043.75,-10.7,-10.6958333333333,3532.5,5082.5
2022-12-22,-1645,-17688.75,-11.79,-11.7925,-220,1425
2022-12-23,303.75,-17385,-11.59,-11.59,-1431.25,-1735
2022-12-26,-2312.5,-19697.5,-13.13,-13.1316666666667,-12021.25,-9708.75
2022-12-27,760,-18937.5,-12.62,-12.625,6836.25,6076.25
2022-12-28,628.75,-18308.75,-12.21,-12.2058333333333,-2136.25,-2765
2022-12-29,-1701.25,-20010,-13.34,-13.34,-2842.5,-1141.25
2022-12-30,236.25,-19773.75,-13.18,-13.1825,4737.5,4501.25
2023-01-02,231.25,-19542.5,-13.03,-13.0283333333333,-2715,-2946.25
2023-01-03,326.25,-19216.25,-12.81,-12.8108333333333,586.25,260
2023-01-04,-1955,-21171.25,-14.11,-14.1141666666667,10035,11990
2023-01-05,-1743.75,-22915,-15.28,-15.2766666666667,-7512.5,-5768.75
2023-01-06,-48.75,-22963.75,-15.31,-15.3091666666667,-217.5,-168.75
2023-01-09,-35,-22998.75,-15.33,-15.3325,-8102.5,-8067.5
2023-01-10,-1367.5,-24366.25,-16.24,-16.2441666666667,10128.75,11496.25
2023-01-11,-1253.75,-25620,-17.08,-17.08,-13573.75,-12320
2023-01-12,5362.5,-20257.5,-13.5,-13.505,7487.5,2125
2023-01-13,-195,-20452.5,-13.64,-13.635,-2878.75,-2683.75
2023-01-16,-648.75,-21101.25,-14.07,-14.0675,11866.25,12515
2023-01-17,901.25,-20200,-13.47,-13.4666666666667,-8786.25,-9687.5
2023-01-18,192.5,-20007.5,-13.34,-13.3383333333333,-110,-302.5
2023-01-19,4547.5,-15460,-10.31,-10.3066666666667,4731.25,183.75
2023-01-20,257.5,-15202.5,-10.14,-10.135,861.25,603.75
2023-01-23,523.75,-14678.75,-9.79,-9.78583333333333,847.5,323.75
2023-01-24,-26.25,-14705,-9.8,-9.80333333333333,4298.75,4325
2023-01-25,-1465,-16170,-10.78,-10.78,-750,715
2023-01-27,197.5,-15972.5,-10.65,-10.6483333333333,7012.5,6815
2023-01-30,-23.75,-15996.25,-10.66,-10.6641666666667,-18017.5,-17993.75
2023-01-31,353.75,-15642.5,-10.43,-10.4283333333333,2265,1911.25
2023-02-01,-527.5,-16170,-10.78,-10.78,18025,18552.5
2023-02-02,-2108.75,-18278.75,-12.19,-12.1858333333333,-17267.5,-15158.75
2023-02-03,-143.75,-18422.5,-12.28,-12.2816666666667,-2187.5,-2043.75
2023-02-06,368.75,-18053.75,-12.04,-12.0358333333333,5295,4926.25
2023-02-07,448.75,-17605,-11.74,-11.7366666666667,-2713.75,-3162.5
2023-02-08,1130,-16475,-10.98,-10.9833333333333,2881.25,1751.25
2023-02-09,4932.5,-11542.5,-7.7,-7.695,2670,-2262.5
2023-02-10,165,-11377.5,-7.58,-7.585,2058.75,1893.75
2023-02-13,-115,-11492.5,-7.66,-7.66166666666667,5022.5,5137.5
2023-02-14,-298.75,-11791.25,-7.86,-7.86083333333333,-7813.75,-7515
2023-02-15,1212.5,-10578.75,-7.05,-7.0525,3015,1802.5
2023-02-16,-1326.25,-11905,-7.94,-7.93666666666667,3645,4971.25
2023-02-17,-220,-12125,-8.08,-8.08333333333333,716.25,936.25
2023-02-20,-697.5,-12822.5,-8.55,-8.54833333333333,1216.25,1913.75
2023-02-21,800,-12022.5,-8.02,-8.015,-7240,-8040
2023-02-22,-1878.75,-13901.25,-9.27,-9.2675,8010,9888.75
2023-02-23,3850,-10051.25,-6.7,-6.70083333333333,-7248.75,-11098.75
2023-02-24,28.75,-10022.5,-6.68,-6.68166666666667,7342.5,7313.75
2023-02-27,-705,-10727.5,-7.15,-7.15166666666667,-9696.25,-8991.25
2023-02-28,661.25,-10066.25,-6.71,-6.71083333333333,5760,5098.75
2023-03-01,-441.25,-10507.5,-7,-7.005,-3731.25,-3290
2023-03-02,-1375,-11882.5,-7.92,-7.92166666666667,4688.75,6063.75
2023-03-03,-2135,-14017.5,-9.35,-9.345,-9137.5,-7002.5
2023-03-06,233.75,-13783.75,-9.19,-9.18916666666667,7012.5,6778.75
2023-03-08,-823.75,-14607.5,-9.74,-9.73833333333333,-7957.5,-7133.75
2023-03-09,-1356.25,-15963.75,-10.64,-10.6425,6757.5,8113.75
2023-03-10,648.75,-15315,-10.21,-10.21,-2055,-2703.75
2023-03-13,-2040,-17355,-11.57,-11.57,12952.5,14992.5
2023-03-14,257.5,-17097.5,-11.4,-11.3983333333333,-17113.75,-17371.25
2023-03-15,-2006.25,-19103.75,-12.74,-12.7358333333333,8441.25,10447.5
2023-03-16,-2361.25,-21465,-14.31,-14.31,-15316.25,-12955
2023-03-17,293.75,-21171.25,-14.11,-14.1141666666667,3067.5,2773.75
2023-03-20,183.75,-20987.5,-13.99,-13.9916666666667,2275,2091.25
2023-03-21,-480,-21467.5,-14.31,-14.3116666666667,-6423.75,-5943.75
2023-03-22,282.5,-21185,-14.12,-14.1233333333333,5822.5,5540
2023-03-23,-1788.75,-22973.75,-15.32,-15.3158333333333,-6095,-4306.25
2023-03-24,323.75,-22650,-15.1,-15.1,5495,5171.25
2023-03-27,235,-22415,-14.94,-14.9433333333333,-4377.5,-4612.5
2023-03-28,880,-21535,-14.36,-14.3566666666667,2667.5,1787.5
2023-03-29,3475,-18060,-12.04,-12.04,1616.25,-1858.75
2023-03-31,-120,-18180,-12.12,-12.12,422.5,542.5
2023-04-03,392.5,-17787.5,-11.86,-11.8583333333333,-66.25,-458.75
2023-04-05,667.5,-17120,-11.41,-11.4133333333333,1593.75,926.25
2023-04-06,-1588.75,-18708.75,-12.47,-12.4725,-2552.5,-963.75
2023-04-10,126.25,-18582.5,-12.39,-12.3883333333333,5881.25,5755
2023-04-11,-858.75,-19441.25,-12.96,-12.9608333333333,-6315,-5456.25
2023-04-12,-275,-19716.25,-13.14,-13.1441666666667,868.75,1143.75
2023-04-13,-1456.25,-21172.5,-14.12,-14.115,-1242.5,213.75
2023-04-17,406.25,-20766.25,-13.84,-13.8441666666667,-990,-1396.25
2023-04-18,511.25,-20255,-13.5,-13.5033333333333,2887.5,2376.25
2023-04-19,243.75,-20011.25,-13.34,-13.3408333333333,2952.5,2708.75
2023-04-20,2961.25,-17050,-11.37,-11.3666666666667,-1771.25,-4732.5
2023-04-21,391.25,-16658.75,-11.11,-11.1058333333333,4117.5,3726.25
2023-04-24,-800,-17458.75,-11.64,-11.6391666666667,-4798.75,-3998.75
2023-04-25,62.5,-17396.25,-11.6,-11.5975,715,652.5
2023-04-26,-793.75,-18190,-12.13,-12.1266666666667,-633.75,160
2023-04-27,921.25,-17268.75,-11.51,-11.5125,468.75,-452.5
2023-04-28,-1478.75,-18747.5,-12.5,-12.4983333333333,883.75,2362.5
2023-05-02,467.5,-18280,-12.19,-12.1866666666667,467.5,0
2023-05-03,-600,-18880,-12.59,-12.5866666666667,-600,0
2023-05-04,-1350,-20230,-13.49,-13.4866666666667,-1350,0
2023-05-05,-1565,-21795,-14.53,-14.53,-1565,0
2023-05-08,-348.75,-22143.75,-14.76,-14.7625,-348.75,0
2023-05-09,297.5,-21846.25,-14.56,-14.5641666666667,297.5,0
2023-05-10,-1990,-23836.25,-15.89,-15.8908333333333,-1990,0
2023-05-11,4638.75,-19197.5,-12.8,-12.7983333333333,4638.75,0
2023-05-12,7015,-12182.5,-8.12,-8.12166666666667,7015,0
2023-05-15,-121.25,-12303.75,-8.2,-8.2025,-121.25,0
2023-05-16,608.75,-11695,-7.8,-7.79666666666667,608.75,0
2023-05-17,490,-11205,-7.47,-7.47,490,0
2023-05-18,-1446.25,-12651.25,-8.43,-8.43416666666667,-1446.25,0
2023-05-19,396.25,-12255,-8.17,-8.17,396.25,0
2023-05-22,411.25,-11843.75,-7.9,-7.89583333333333,411.25,0
2023-05-23,550,-11293.75,-7.53,-7.52916666666667,550,0
2023-05-24,793.75,-10500,-7,-7,793.75,0
2023-05-25,-1461.25,-11961.25,-7.97,-7.97416666666667,-1461.25,0
2023-05-26,-686.25,-12647.5,-8.43,-8.43166666666667,-686.25,0
2023-05-29,433.75,-12213.75,-8.14,-8.1425,433.75,0
2023-05-30,195,-12018.75,-8.01,-8.0125,195,0
2023-05-31,181.25,-11837.5,-7.89,-7.89166666666667,181.25,0
2023-06-01,-1560,-13397.5,-8.93,-8.93166666666667,-1560,0
2023-06-02,363.75,-13033.75,-8.69,-8.68916666666667,363.75,0
2023-06-05,298.75,-12735,-8.49,-8.49,298.75,0
2023-06-06,522.5,-12212.5,-8.14,-8.14166666666667,522.5,0
2023-06-07,428.75,-11783.75,-7.86,-7.85583333333333,428.75,0
2023-06-08,-1260,-13043.75,-8.7,-8.69583333333333,-1260,0
2023-06-09,445,-12598.75,-8.4,-8.39916666666667,445,0
2023-06-12,486.25,-12112.5,-8.08,-8.075,486.25,0
2023-06-13,296.25,-11816.25,-7.88,-7.8775,296.25,0
2023-06-14,395,-11421.25,-7.61,-7.61416666666667,395,0
2023-06-15,-1457.5,-12878.75,-8.59,-8.58583333333333,-1457.5,0
2023-06-16,-492.5,-13371.25,-8.91,-8.91416666666667,-492.5,0
2023-06-19,-301.25,-13672.5,-9.12,-9.115,-301.25,0
2023-06-20,106.25,-13566.25,-9.04,-9.04416666666667,106.25,0
2023-06-21,500,-13066.25,-8.71,-8.71083333333333,500,0
2023-06-22,-1431.25,-14497.5,-9.66,-9.665,-1431.25,0
2023-06-23,250,-14247.5,-9.5,-9.49833333333333,250,0
2023-06-26,601.25,-13646.25,-9.1,-9.0975,601.25,0
2023-06-27,-628.75,-14275,-9.52,-9.51666666666667,-628.75,0
2023-06-28,0,-14275,-9.52,-9.51666666666667,0,0
2023-06-30,-312.5,-14587.5,-9.72,-9.725,-312.5,0
2023-07-03,-263.75,-14851.25,-9.9,-9.90083333333333,-263.75,0
2023-07-04,300,-14551.25,-9.7,-9.70083333333333,300,0
2023-07-05,1036.25,-13515,-9.01,-9.01,1036.25,0
2023-07-06,-1503.75,-15018.75,-10.01,-10.0125,-1503.75,0
2023-07-07,563.75,-14455,-9.64,-9.63666666666667,563.75,0
2023-07-10,236.25,-14218.75,-9.48,-9.47916666666667,236.25,0
2023-07-11,-1203.75,-15422.5,-10.28,-10.2816666666667,-1203.75,0
2023-07-12,-132.5,-15555,-10.37,-10.37,-132.5,0
2023-07-13,-1671.25,-17226.25,-11.48,-11.4841666666667,-1671.25,0
2023-07-14,362.5,-16863.75,-11.24,-11.2425,362.5,0
2023-07-17,-2105,-18968.75,-12.65,-12.6458333333333,-2105,0
2023-07-18,-502.5,-19471.25,-12.98,-12.9808333333333,-502.5,0
2023-07-19,1030,-18441.25,-12.29,-12.2941666666667,1030,0
2023-07-20,-1526.25,-19967.5,-13.31,-13.3116666666667,-1526.25,0
2023-07-21,207,-19760.5,-13.17,-13.1736666666667,207,0
2023-07-24,237.75,-19522.75,-13.02,-13.0151666666667,237.75,0
2023-07-25,341.25,-19181.5,-12.79,-12.7876666666667,341.25,0
2023-07-26,172.5,-19009,-12.67,-12.6726666666667,172.5,0
2023-07-27,-1191.75,-20200.75,-13.47,-13.4671666666667,-1191.75,0
2023-07-28,315.75,-19885,-13.26,-13.2566666666667,315.75,0
2023-07-31,-32.25,-19917.25,-13.28,-13.2781666666667,-32.25,0
2023-08-01,222.75,-19694.5,-13.13,-13.1296666666667,222.75,0
2023-08-02,-1149,-20843.5,-13.9,-13.8956666666667,-1149,0
2023-08-03,-948,-21791.5,-14.53,-14.5276666666667,-948,0
2023-08-04,111.75,-21679.75,-14.45,-14.4531666666667,111.75,0
2023-08-07,117,-21562.75,-14.38,-14.3751666666667,117,0
2023-08-08,399.75,-21163,-14.11,-14.1086666666667,399.75,0
2023-08-09,658.5,-20504.5,-13.67,-13.6696666666667,658.5,0
2023-08-10,2170.5,-18334,-12.22,-12.2226666666667,2170.5,0
2023-08-11,360,-17974,-11.98,-11.9826666666667,360,0
2023-08-14,110.25,-17863.75,-11.91,-11.9091666666667,110.25,0
2023-08-16,-91.5,-17955.25,-11.97,-11.9701666666667,-91.5,0
2023-08-17,3099.75,-14855.5,-9.9,-9.90366666666667,3099.75,0
2023-08-18,215.25,-14640.25,-9.76,-9.76016666666667,215.25,0
2023-08-21,110.25,-14530,-9.69,-9.68666666666667,110.25,0
2023-08-22,369.75,-14160.25,-9.44,-9.44016666666667,369.75,0
2023-08-23,-970.5,-15130.75,-10.09,-10.0871666666667,-970.5,0
2023-08-24,3.75,-15127,-10.08,-10.0846666666667,3.75,0
2023-08-25,223.5,-14903.5,-9.94,-9.93566666666667,223.5,0
2023-08-28,18.75,-14884.75,-9.92,-9.92316666666667,18.75,0
2023-08-29,339,-14545.75,-9.7,-9.69716666666667,339,0
2023-08-30,-1011.75,-15557.5,-10.37,-10.3716666666667,-1011.75,0
2023-08-31,-874.5,-16432,-10.95,-10.9546666666667,-874.5,0
2023-09-01,-675,-17107,-11.4,-11.4046666666667,-675,0
2023-09-12,-1107.75,-18214.75,-12.14,-12.1431666666667,-1107.75,0
2023-09-13,-937.5,-19152.25,-12.77,-12.7681666666667,-937.5,0
2023-09-14,222,-18930.25,-12.62,-12.6201666666667,222,0
2023-09-15,171,-18759.25,-12.51,-12.5061666666667,171,0
2023-09-18,667.5,-18091.75,-12.06,-12.0611666666667,667.5,0
2023-09-19,0,-18091.75,-12.06,-12.0611666666667,0,0
2023-09-20,-1140.75,-19232.5,-12.82,-12.8216666666667,-1140.75,0
2023-09-21,95.25,-19137.25,-12.76,-12.7581666666667,95.25,0
2023-09-22,275.25,-18862,-12.57,-12.5746666666667,275.25,0
2023-09-25,27.75,-18834.25,-12.56,-12.5561666666667,27.75,0
2023-09-26,489.75,-18344.5,-12.23,-12.2296666666667,489.75,0
2023-09-27,524.25,-17820.25,-11.88,-11.8801666666667,524.25,0
2023-09-28,-12,-17832.25,-11.89,-11.8881666666667,-12,0
2023-09-29,248.25,-17584,-11.72,-11.7226666666667,248.25,0
2023-10-03,675,-16909,-11.27,-11.2726666666667,675,0
2023-10-04,2422.5,-14486.5,-9.66,-9.65766666666667,2422.5,0
2023-10-05,234.75,-14251.75,-9.5,-9.50116666666667,234.75,0
2023-10-06,217.5,-14034.25,-9.36,-9.35616666666667,217.5,0
2023-10-09,324.75,-13709.5,-9.14,-9.13966666666667,324.75,0
2023-10-10,-1136.25,-14845.75,-9.9,-9.89716666666667,-1136.25,0
2023-10-11,1680,-13165.75,-8.78,-8.77716666666667,1680,0
2023-10-12,141.75,-13024,-8.68,-8.68266666666667,141.75,0
2023-10-13,103.5,-12920.5,-8.61,-8.61366666666667,103.5,0
2023-10-16,-60,-12980.5,-8.65,-8.65366666666667,-60,0
2023-10-17,639.75,-12340.75,-8.23,-8.22716666666667,639.75,0
2023-10-18,-932.25,-13273,-8.85,-8.84866666666667,-932.25,0
2023-10-19,-57.75,-13330.75,-8.89,-8.88716666666667,-57.75,0
2023-10-25,-1110,-14440.75,-9.63,-9.62716666666667,-1110,0
2023-10-26,-860.25,-15301,-10.2,-10.2006666666667,-860.25,0
2023-10-27,-68.25,-15369.25,-10.25,-10.2461666666667,-68.25,0
2023-10-30,-991.5,-16360.75,-10.91,-10.9071666666667,-991.5,0
2023-10-31,-222,-16582.75,-11.06,-11.0551666666667,-222,0
2023-11-01,3111.75,-13471,-8.98,-8.98066666666667,3111.75,0
2023-11-02,215.25,-13255.75,-8.84,-8.83716666666667,215.25,0
2023-11-03,196.5,-13059.25,-8.71,-8.70616666666667,196.5,0
2023-11-06,211.5,-12847.75,-8.57,-8.56516666666667,211.5,0
2023-11-07,-255,-13102.75,-8.74,-8.73516666666667,-255,0
2023-11-08,2190,-10912.75,-7.28,-7.27516666666667,2190,0
2023-11-09,-37.5,-10950.25,-7.3,-7.30016666666667,-37.5,0
2023-11-10,-38.25,-10988.5,-7.33,-7.32566666666667,-38.25,0
2023-11-13,21,-10967.5,-7.31,-7.31166666666667,21,0
2023-11-15,1206,-9761.5,-6.51,-6.50766666666667,1206,0
2023-11-16,116.25,-9645.25,-6.43,-6.43016666666667,116.25,0
2023-11-17,-164.25,-9809.5,-6.54,-6.53966666666667,-164.25,0
2023-11-20,502.5,-9307,-6.2,-6.20466666666667,502.5,0
2023-11-21,340.5,-8966.5,-5.98,-5.97766666666667,340.5,0
2023-11-22,-898.5,-9865,-6.58,-6.57666666666667,-898.5,0
2023-11-23,18,-9847,-6.56,-6.56466666666667,18,0
2023-11-24,35.25,-9811.75,-6.54,-6.54116666666667,35.25,0
2023-11-28,-111,-9922.75,-6.62,-6.61516666666667,-111,0
2023-11-29,-1030.5,-10953.25,-7.3,-7.30216666666667,-1030.5,0
2023-11-30,-841.5,-11794.75,-7.86,-7.86316666666667,-841.5,0
2023-12-01,-91.5,-11886.25,-7.92,-7.92416666666667,-91.5,0
2023-12-04,-1288.5,-13174.75,-8.78,-8.78316666666667,-1288.5,0
2023-12-05,507,-12667.75,-8.45,-8.44516666666667,507,0
2023-12-06,-1025.25,-13693,-9.13,-9.12866666666667,-1025.25,0
2023-12-07,-162.75,-13855.75,-9.24,-9.23716666666667,-162.75,0
2023-12-08,-318.75,-14174.5,-9.45,-9.44966666666667,-318.75,0
2023-12-11,318,-13856.5,-9.24,-9.23766666666667,318,0
2023-12-12,327,-13529.5,-9.02,-9.01966666666667,327,0
2023-12-13,1529.25,-12000.25,-8,-8.00016666666667,1529.25,0
2023-12-14,153.75,-11846.5,-7.9,-7.89766666666667,153.75,0
2023-12-15,-201.75,-12048.25,-8.03,-8.03216666666667,-201.75,0
2023-12-18,282,-11766.25,-7.84,-7.84416666666667,282,0
2023-12-19,678,-11088.25,-7.39,-7.39216666666667,678,0
2023-12-20,-759,-11847.25,-7.9,-7.89816666666667,-759,0
2023-12-21,-660.75,-12508,-8.34,-8.33866666666667,-660.75,0
2023-12-22,246,-12262,-8.17,-8.17466666666667,246,0
2023-12-26,97.5,-12164.5,-8.11,-8.10966666666667,97.5,0
2023-12-27,-1391.25,-13555.75,-9.04,-9.03716666666667,-1391.25,0
2023-12-28,2379.75,-11176,-7.45,-7.45066666666667,2379.75,0
2023-12-29,339,-10837,-7.22,-7.22466666666667,339,0
2024-01-01,144,-10693,-7.13,-7.12866666666667,144,0
2024-01-02,-1134.75,-11827.75,-7.89,-7.88516666666667,-1134.75,0
2024-01-03,2577,-9250.75,-6.17,-6.16716666666667,2577,0
2024-01-04,-151.5,-9402.25,-6.27,-6.26816666666667,-151.5,0
2024-01-05,306.75,-9095.5,-6.06,-6.06366666666667,306.75,0
2024-01-08,-1322.25,-10417.75,-6.95,-6.94516666666667,-1322.25,0
2024-01-09,-1337.25,-11755,-7.84,-7.83666666666667,-1337.25,0
2024-01-10,-957.75,-12712.75,-8.48,-8.47516666666667,-957.75,0
2024-01-11,102.75,-12610,-8.41,-8.40666666666667,102.75,0
2024-01-12,57.75,-12552.25,-8.37,-8.36816666666667,57.75,0
2024-01-15,-3,-12555.25,-8.37,-8.37016666666667,-3,0
2024-01-16,465,-12090.25,-8.06,-8.06016666666667,465,0
2024-01-17,-1287,-13377.25,-8.92,-8.91816666666667,-1287,0
2024-01-18,30,-13347.25,-8.9,-8.89816666666667,30,0
2024-01-19,-61.5,-13408.75,-8.94,-8.93916666666667,-61.5,0
2024-01-23,-1440,-14848.75,-9.9,-9.89916666666667,-1440,0
2024-01-24,-136.5,-14985.25,-9.99,-9.99016666666667,-136.5,0
2024-01-25,-1332,-16317.25,-10.88,-10.8781666666667,-1332,0
2024-01-29,73.5,-16243.75,-10.83,-10.8291666666667,73.5,0
2024-01-30,510.75,-15733,-10.49,-10.4886666666667,510.75,0
2024-01-31,-1199.25,-16932.25,-11.29,-11.2881666666667,-1199.25,0
2024-02-01,250.5,-16681.75,-11.12,-11.1211666666667,250.5,0
2024-02-02,-228.75,-16910.5,-11.27,-11.2736666666667,-228.75,0
2024-02-05,350.25,-16560.25,-11.04,-11.0401666666667,350.25,0
2024-02-06,777,-15783.25,-10.52,-10.5221666666667,777,0
2024-02-07,-1066.5,-16849.75,-11.23,-11.2331666666667,-1066.5,0
2024-02-08,-658.5,-17508.25,-11.67,-11.6721666666667,-658.5,0
2024-02-09,-568.5,-18076.75,-12.05,-12.0511666666667,-568.5,0
2024-02-12,-710.25,-18787,-12.52,-12.5246666666667,-710.25,0
2024-02-13,-1383.75,-20170.75,-13.45,-13.4471666666667,-1383.75,0
2024-02-14,-1429.5,-21600.25,-14.4,-14.4001666666667,-1429.5,0
2024-02-15,1.5,-21598.75,-14.4,-14.3991666666667,1.5,0
2024-02-16,207,-21391.75,-14.26,-14.2611666666667,207,0
2024-02-19,270,-21121.75,-14.08,-14.0811666666667,270,0
2024-02-20,-1189.5,-22311.25,-14.87,-14.8741666666667,-1189.5,0
2024-02-21,2490,-19821.25,-13.21,-13.2141666666667,2490,0
2024-02-22,92.25,-19729,-13.15,-13.1526666666667,92.25,0
2024-02-23,245.25,-19483.75,-12.99,-12.9891666666667,245.25,0
2024-02-26,171,-19312.75,-12.88,-12.8751666666667,171,0
2024-02-27,386.25,-18926.5,-12.62,-12.6176666666667,386.25,0
2024-02-28,-981.75,-19908.25,-13.27,-13.2721666666667,-981.75,0
2024-02-29,-1176.75,-21085,-14.06,-14.0566666666667,-1176.75,0
2024-03-01,-524.25,-21609.25,-14.41,-14.4061666666667,-524.25,0
2024-03-04,390,-21219.25,-14.15,-14.1461666666667,390,0
2024-03-05,-274.5,-21493.75,-14.33,-14.3291666666667,-274.5,0
2024-03-06,-1365.75,-22859.5,-15.24,-15.2396666666667,-1365.75,0
2024-03-07,198,-22661.5,-15.11,-15.1076666666667,198,0
2024-03-08,0,-22661.5,-15.11,-15.1076666666667,0,0
2024-03-11,-9.75,-22671.25,-15.11,-15.1141666666667,-9.75,0
2024-03-12,392.25,-22279,-14.85,-14.8526666666667,392.25,0
2024-03-13,-1103.25,-23382.25,-15.59,-15.5881666666667,-1103.25,0
2024-03-14,180.75,-23201.5,-15.47,-15.4676666666667,180.75,0
2024-03-15,135,-23066.5,-15.38,-15.3776666666667,135,0
2024-03-18,300,-22766.5,-15.18,-15.1776666666667,300,0
2024-03-19,443.25,-22323.25,-14.88,-14.8821666666667,443.25,0
2024-03-20,-948.75,-23272,-15.51,-15.5146666666667,-948.75,0
2024-03-21,258.75,-23013.25,-15.34,-15.3421666666667,258.75,0
2024-03-22,28.5,-22984.75,-15.32,-15.3231666666667,28.5,0
2024-03-26,849.75,-22135,-14.76,-14.7566666666667,849.75,0
2024-03-27,3195.75,-18939.25,-12.63,-12.6261666666667,3195.75,0
2024-04-01,579,-18360.25,-12.24,-12.2401666666667,579,0
2024-04-02,686.25,-17674,-11.78,-11.7826666666667,686.25,0
2024-04-03,-967.5,-18641.5,-12.43,-12.4276666666667,-967.5,0
2024-04-04,131.25,-18510.25,-12.34,-12.3401666666667,131.25,0
2024-04-05,-707.25,-19217.5,-12.81,-12.8116666666667,-707.25,0
2024-04-08,464.25,-18753.25,-12.5,-12.5021666666667,464.25,0
2024-04-09,444.75,-18308.5,-12.21,-12.2056666666667,444.75,0
2024-04-10,-955.5,-19264,-12.84,-12.8426666666667,-955.5,0
2024-04-11,0,-19264,-12.84,-12.8426666666667,0,0
2024-04-12,229.5,-19034.5,-12.69,-12.6896666666667,229.5,0
2024-04-15,801,-18233.5,-12.16,-12.1556666666667,801,0
2024-04-16,2550.75,-15682.75,-10.46,-10.4551666666667,2550.75,0
2024-04-18,-354.75,-16037.5,-10.69,-10.6916666666667,-354.75,0
2024-04-19,-784.5,-16822,-11.21,-11.2146666666667,-784.5,0
2024-04-22,552.75,-16269.25,-10.85,-10.8461666666667,552.75,0
2024-04-23,501,-15768.25,-10.51,-10.5121666666667,501,0
2024-04-24,1545,-14223.25,-9.48,-9.48216666666667,1545,0
2024-04-25,-742.5,-14965.75,-9.98,-9.97716666666667,-742.5,0
2024-04-26,-26.25,-14992,-9.99,-9.99466666666667,-26.25,0
2024-04-29,-1332.75,-16324.75,-10.88,-10.8831666666667,-1332.75,0
2024-04-30,-1487.25,-17812,-11.87,-11.8746666666667,-1487.25,0
2024-05-02,76.5,-17735.5,-11.82,-11.8236666666667,76.5,0
2024-05-03,-224.25,-17959.75,-11.97,-11.9731666666667,-224.25,0
2024-05-06,396,-17563.75,-11.71,-11.7091666666667,396,0
2024-05-07,-1107,-18670.75,-12.45,-12.4471666666667,-1107,0
2024-05-08,1230,-17440.75,-11.63,-11.6271666666667,1230,0
2024-05-09,-339,-17779.75,-11.85,-11.8531666666667,-339,0
2024-05-10,324,-17455.75,-11.64,-11.6371666666667,324,0
2024-05-13,38.25,-17417.5,-11.61,-11.6116666666667,38.25,0
2024-05-14,757.5,-16660,-11.11,-11.1066666666667,757.5,0
2024-05-15,-1296,-17956,-11.97,-11.9706666666667,-1296,0
2024-05-16,109.5,-17846.5,-11.9,-11.8976666666667,109.5,0
2024-05-17,221.25,-17625.25,-11.75,-11.7501666666667,221.25,0
2024-05-20,0,-17625.25,-11.75,-11.7501666666667,0,0
2024-05-21,620.25,-17005,-11.34,-11.3366666666667,620.25,0
2024-05-22,-2548.5,-19553.5,-13.04,-13.0356666666667,-2548.5,0
2024-05-23,-546.75,-20100.25,-13.4,-13.4001666666667,-546.75,0
2024-05-24,230.25,-19870,-13.25,-13.2466666666667,230.25,0
2024-05-27,99,-19771,-13.18,-13.1806666666667,99,0
2024-05-28,534.75,-19236.25,-12.82,-12.8241666666667,534.75,0
2024-05-29,-1118.25,-20354.5,-13.57,-13.5696666666667,-1118.25,0
2024-05-30,-108,-20462.5,-13.64,-13.6416666666667,-108,0
2024-05-31,-271.5,-20734,-13.82,-13.8226666666667,-271.5,0
2024-06-03,-12.75,-20746.75,-13.83,-13.8311666666667,-12.75,0
2024-06-04,-1571.25,-22318,-14.88,-14.8786666666667,-1571.25,0
2024-06-05,-1440.75,-23758.75,-15.84,-15.8391666666667,-1440.75,0
2024-06-06,81.75,-23677,-15.78,-15.7846666666667,81.75,0
2024-06-07,-130.5,-23807.5,-15.87,-15.8716666666667,-130.5,0
2024-06-10,62.25,-23745.25,-15.83,-15.8301666666667,62.25,0
2024-06-11,885.75,-22859.5,-15.24,-15.2396666666667,885.75,0
2024-06-12,-1036.5,-23896,-15.93,-15.9306666666667,-1036.5,0
2024-06-13,140.25,-23755.75,-15.84,-15.8371666666667,140.25,0
2024-06-14,218.25,-23537.5,-15.69,-15.6916666666667,218.25,0
2024-06-17,0,-23537.5,-15.69,-15.6916666666667,0,0
2024-06-18,-399,-23936.5,-15.96,-15.9576666666667,-399,0
2024-06-19,-1273.5,-25210,-16.81,-16.8066666666667,-1273.5,0
2024-06-20,197.25,-25012.75,-16.68,-16.6751666666667,197.25,0
2024-06-21,267,-24745.75,-16.5,-16.4971666666667,267,0
2024-06-24,-341.25,-25087,-16.72,-16.7246666666667,-341.25,0
2024-06-25,-1103.25,-26190.25,-17.46,-17.4601666666667,-1103.25,0
2024-06-26,164.25,-26026,-17.35,-17.3506666666667,164.25,0
2024-06-27,45,-25981,-17.32,-17.3206666666667,45,0
2024-06-28,-78,-26059,-17.37,-17.3726666666667,-78,0
2024-07-01,1.5,-26057.5,-17.37,-17.3716666666667,1.5,0
2024-07-02,-597,-26654.5,-17.77,-17.7696666666667,-597,0
2024-07-03,-1211.25,-27865.75,-18.58,-18.5771666666667,-1211.25,0
2024-07-04,246.75,-27619,-18.41,-18.4126666666667,246.75,0
2024-07-05,269.25,-27349.75,-18.23,-18.2331666666667,269.25,0
2024-07-08,426,-26923.75,-17.95,-17.9491666666667,426,0
2024-07-09,753.75,-26170,-17.45,-17.4466666666667,753.75,0
2024-07-10,3206.25,-22963.75,-15.31,-15.3091666666667,3206.25,0
2024-07-11,147,-22816.75,-15.21,-15.2111666666667,147,0
2024-07-12,108.75,-22708,-15.14,-15.1386666666667,108.75,0
2024-07-15,-37.5,-22745.5,-15.16,-15.1636666666667,-37.5,0
2024-07-16,1428.75,-21316.75,-14.21,-14.2111666666667,1428.75,0
2024-07-18,-24,-21340.75,-14.23,-14.2271666666667,-24,0
2024-07-19,-44.25,-21385,-14.26,-14.2566666666667,-44.25,0
2024-07-22,140.25,-21244.75,-14.16,-14.1631666666667,140.25,0
